metric,mean,std
roc_auc,0.5,0.0
accuracy,0.492,0.009797958971132722
precision,0.396,0.19815145722401337
recall,0.8,0.4000000000000001
f1,0.5297297297297296,0.26495677758056646
